-- Adminer 4.8.1 MySQL 10.3.32-MariaDB-log dump

SET NAMES utf8;
SET time_zone = '+00:00';
SET foreign_key_checks = 0;
SET sql_mode = 'NO_AUTO_VALUE_ON_ZERO';

DROP TABLE IF EXISTS `devices`;
CREATE TABLE `devices` (
  `id` smallint(6) NOT NULL AUTO_INCREMENT,
  `name` varchar(100) COLLATE utf8_slovak_ci NOT NULL,
  `description` varchar(255) COLLATE utf8_slovak_ci DEFAULT NULL,
  `first_login` datetime DEFAULT NULL,
  `last_login` datetime DEFAULT NULL,
  PRIMARY KEY (`id`),
  UNIQUE KEY `name` (`name`)
) ENGINE=InnoDB DEFAULT CHARSET=utf8 COLLATE=utf8_slovak_ci COMMENT='List of devices. Device has one or more Sensors.';

INSERT INTO `devices` (`id`, `name`, `description`, `first_login`, `last_login`) VALUES
(1,	'Záhradka BMP 280',	'Meteo na záhradke',	NULL,	NULL);

DROP TABLE IF EXISTS `measures`;
CREATE TABLE `measures` (
  `id` int(11) NOT NULL AUTO_INCREMENT,
  `id_sensor` smallint(6) NOT NULL,
  `data_time` timestamp NULL DEFAULT current_timestamp() ON UPDATE current_timestamp() COMMENT 'timestamp of data recording',
  `server_time` datetime DEFAULT NULL COMMENT 'timestamp where data has been received by server',
  `s_value` double NOT NULL COMMENT 'data measured (raw)',
  `out_value` double DEFAULT NULL COMMENT 'processed value',
  `status` tinyint(4) NOT NULL DEFAULT 0 COMMENT '0 = received, 1 = processed, 2 = exported',
  PRIMARY KEY (`id`),
  KEY `id_sensor` (`id_sensor`),
  CONSTRAINT `measures_ibfk_1` FOREIGN KEY (`id_sensor`) REFERENCES `sensors` (`id`)
) ENGINE=InnoDB DEFAULT CHARSET=utf16 COLLATE=utf16_slovak_ci COMMENT='Recorded data - raw. SUMDATA are created from recorded data, and old data are deleted from MEASURES.';

INSERT INTO `measures` (`id`, `id_sensor`, `data_time`, `server_time`, `s_value`, `out_value`, `status`) VALUES
(1,	1,	'2023-04-29 12:42:26',	NULL,	22.78,	NULL,	0),
(2,	2,	'2023-04-29 12:42:26',	NULL,	44.91,	NULL,	0),
(3,	3,	'2023-04-29 12:42:26',	NULL,	1016.33,	NULL,	0),
(4,	1,	'2023-04-29 12:43:26',	NULL,	22.75,	NULL,	0),
(5,	2,	'2023-04-29 12:43:26',	NULL,	45.19,	NULL,	0),
(6,	3,	'2023-04-29 12:43:26',	NULL,	1016.33,	NULL,	0),
(7,	1,	'2023-04-29 12:44:27',	NULL,	22.6,	NULL,	0),
(8,	2,	'2023-04-29 12:44:27',	NULL,	47.7,	NULL,	0),
(9,	3,	'2023-04-29 12:44:27',	NULL,	1016.33,	NULL,	0),
(10,	1,	'2023-04-29 16:11:45',	NULL,	23.72,	NULL,	0),
(11,	2,	'2023-04-29 16:11:45',	NULL,	38.16,	NULL,	0),
(12,	3,	'2023-04-29 16:11:45',	NULL,	1015.81,	NULL,	0),
(13,	1,	'2023-05-04 12:34:56',	NULL,	22.73,	NULL,	0),
(14,	2,	'2023-05-04 12:34:56',	NULL,	40.42,	NULL,	0),
(15,	3,	'2023-05-04 12:34:56',	NULL,	1025,	NULL,	0),
(16,	1,	'2023-05-04 12:36:03',	NULL,	23.1,	NULL,	0),
(17,	2,	'2023-05-04 12:36:03',	NULL,	43.73,	NULL,	0),
(18,	3,	'2023-05-04 12:36:03',	NULL,	1024.99,	NULL,	0),
(19,	1,	'2023-05-04 12:37:10',	NULL,	23.12,	NULL,	0),
(20,	2,	'2023-05-04 12:37:10',	NULL,	39.96,	NULL,	0),
(21,	3,	'2023-05-04 12:37:10',	NULL,	1025.02,	NULL,	0),
(22,	1,	'2023-05-04 12:38:17',	NULL,	22.95,	NULL,	0),
(23,	2,	'2023-05-04 12:38:17',	NULL,	41.28,	NULL,	0),
(24,	3,	'2023-05-04 12:38:17',	NULL,	1024.95,	NULL,	0),
(25,	1,	'2023-05-04 12:39:25',	NULL,	23.21,	NULL,	0),
(26,	2,	'2023-05-04 12:39:25',	NULL,	41.94,	NULL,	0),
(27,	3,	'2023-05-04 12:39:25',	NULL,	1024.91,	NULL,	0),
(28,	1,	'2023-05-04 12:40:32',	NULL,	23.46,	NULL,	0),
(29,	2,	'2023-05-04 12:40:32',	NULL,	41.47,	NULL,	0),
(30,	3,	'2023-05-04 12:40:32',	NULL,	1024.98,	NULL,	0),
(31,	1,	'2023-05-04 12:41:40',	NULL,	23.58,	NULL,	0),
(32,	2,	'2023-05-04 12:41:40',	NULL,	41.3,	NULL,	0),
(33,	3,	'2023-05-04 12:41:40',	NULL,	1024.89,	NULL,	0),
(34,	1,	'2023-05-04 12:42:48',	NULL,	23.42,	NULL,	0),
(35,	2,	'2023-05-04 12:42:48',	NULL,	43.34,	NULL,	0),
(36,	3,	'2023-05-04 12:42:48',	NULL,	1024.98,	NULL,	0),
(37,	1,	'2023-05-04 12:43:55',	NULL,	23.56,	NULL,	0),
(38,	2,	'2023-05-04 12:43:55',	NULL,	44.11,	NULL,	0),
(39,	3,	'2023-05-04 12:43:55',	NULL,	1024.97,	NULL,	0),
(40,	1,	'2023-05-04 12:45:03',	NULL,	23.58,	NULL,	0),
(41,	2,	'2023-05-04 12:45:03',	NULL,	42.12,	NULL,	0),
(42,	3,	'2023-05-04 12:45:03',	NULL,	1025.01,	NULL,	0),
(43,	1,	'2023-05-04 12:46:11',	NULL,	23.56,	NULL,	0),
(44,	2,	'2023-05-04 12:46:11',	NULL,	43.58,	NULL,	0),
(45,	3,	'2023-05-04 12:46:11',	NULL,	1024.94,	NULL,	0),
(46,	1,	'2023-05-04 12:47:18',	NULL,	23.57,	NULL,	0),
(47,	2,	'2023-05-04 12:47:18',	NULL,	39.91,	NULL,	0),
(48,	3,	'2023-05-04 12:47:18',	NULL,	1024.95,	NULL,	0),
(49,	1,	'2023-05-04 12:48:25',	NULL,	23.71,	NULL,	0),
(50,	2,	'2023-05-04 12:48:25',	NULL,	43.54,	NULL,	0),
(51,	3,	'2023-05-04 12:48:25',	NULL,	1024.88,	NULL,	0),
(52,	1,	'2023-05-04 12:49:32',	NULL,	23.81,	NULL,	0),
(53,	2,	'2023-05-04 12:49:32',	NULL,	45.12,	NULL,	0),
(54,	3,	'2023-05-04 12:49:32',	NULL,	1024.93,	NULL,	0),
(55,	1,	'2023-05-04 12:50:39',	NULL,	23.78,	NULL,	0),
(56,	2,	'2023-05-04 12:50:39',	NULL,	40.43,	NULL,	0),
(57,	3,	'2023-05-04 12:50:39',	NULL,	1024.85,	NULL,	0),
(58,	1,	'2023-05-04 12:54:08',	NULL,	23.15,	NULL,	0),
(59,	2,	'2023-05-04 12:54:08',	NULL,	40.01,	NULL,	0),
(60,	3,	'2023-05-04 12:54:08',	NULL,	1024.72,	NULL,	0),
(61,	1,	'2023-05-04 12:54:38',	NULL,	23.07,	NULL,	0),
(62,	2,	'2023-05-04 12:54:38',	NULL,	40.56,	NULL,	0),
(63,	3,	'2023-05-04 12:54:38',	NULL,	1024.79,	NULL,	0),
(64,	1,	'2023-05-04 12:55:08',	NULL,	23.35,	NULL,	0),
(65,	2,	'2023-05-04 12:55:08',	NULL,	47.12,	NULL,	0),
(66,	3,	'2023-05-04 12:55:08',	NULL,	1024.75,	NULL,	0),
(67,	1,	'2023-05-04 12:55:38',	NULL,	23.72,	NULL,	0),
(68,	2,	'2023-05-04 12:55:38',	NULL,	49.85,	NULL,	0),
(69,	3,	'2023-05-04 12:55:38',	NULL,	1024.79,	NULL,	0),
(70,	1,	'2023-05-04 12:56:08',	NULL,	23.73,	NULL,	0),
(71,	2,	'2023-05-04 12:56:08',	NULL,	48.57,	NULL,	0),
(72,	3,	'2023-05-04 12:56:08',	NULL,	1024.74,	NULL,	0),
(73,	1,	'2023-05-04 12:56:38',	NULL,	23.95,	NULL,	0),
(74,	2,	'2023-05-04 12:56:38',	NULL,	46.89,	NULL,	0),
(75,	3,	'2023-05-04 12:56:38',	NULL,	1024.69,	NULL,	0),
(76,	1,	'2023-05-04 13:00:54',	NULL,	22.88,	NULL,	0),
(77,	2,	'2023-05-04 13:00:54',	NULL,	40.58,	NULL,	0),
(78,	3,	'2023-05-04 13:00:54',	NULL,	1024.62,	NULL,	0),
(79,	1,	'2023-05-04 13:01:24',	NULL,	22.95,	NULL,	0),
(80,	2,	'2023-05-04 13:01:24',	NULL,	43.29,	NULL,	0),
(81,	3,	'2023-05-04 13:01:24',	NULL,	1024.6,	NULL,	0),
(82,	1,	'2023-05-04 13:01:54',	NULL,	23.24,	NULL,	0),
(83,	2,	'2023-05-04 13:01:54',	NULL,	43.41,	NULL,	0),
(84,	3,	'2023-05-04 13:01:54',	NULL,	1024.65,	NULL,	0),
(85,	1,	'2023-05-04 13:02:23',	NULL,	23.48,	NULL,	0),
(86,	2,	'2023-05-04 13:02:23',	NULL,	42.7,	NULL,	0),
(87,	3,	'2023-05-04 13:02:23',	NULL,	1024.6,	NULL,	0),
(88,	1,	'2023-05-04 13:02:53',	NULL,	23.47,	NULL,	0),
(89,	2,	'2023-05-04 13:02:53',	NULL,	41.64,	NULL,	0),
(90,	3,	'2023-05-04 13:02:53',	NULL,	1024.62,	NULL,	0),
(91,	1,	'2023-05-04 13:03:52',	NULL,	23.02,	NULL,	0),
(92,	2,	'2023-05-04 13:03:52',	NULL,	40.37,	NULL,	0),
(93,	3,	'2023-05-04 13:03:52',	NULL,	1024.59,	NULL,	0),
(94,	1,	'2023-05-04 13:04:22',	NULL,	23.19,	NULL,	0),
(95,	2,	'2023-05-04 13:04:22',	NULL,	44.08,	NULL,	0),
(96,	3,	'2023-05-04 13:04:22',	NULL,	1024.58,	NULL,	0),
(97,	1,	'2023-05-04 13:04:51',	NULL,	23.4,	NULL,	0),
(98,	2,	'2023-05-04 13:04:51',	NULL,	47.03,	NULL,	0),
(99,	3,	'2023-05-04 13:04:51',	NULL,	1024.63,	NULL,	0),
(100,	1,	'2023-05-04 13:05:21',	NULL,	23.38,	NULL,	0),
(101,	2,	'2023-05-04 13:05:21',	NULL,	43.95,	NULL,	0),
(102,	3,	'2023-05-04 13:05:21',	NULL,	1024.71,	NULL,	0),
(103,	1,	'2023-05-04 13:05:51',	NULL,	23.49,	NULL,	0),
(104,	2,	'2023-05-04 13:05:51',	NULL,	46.63,	NULL,	0),
(105,	3,	'2023-05-04 13:05:51',	NULL,	1024.71,	NULL,	0),
(106,	1,	'2023-05-04 13:06:21',	NULL,	23.53,	NULL,	0),
(107,	2,	'2023-05-04 13:06:21',	NULL,	41.4,	NULL,	0),
(108,	3,	'2023-05-04 13:06:22',	NULL,	1024.66,	NULL,	0),
(109,	1,	'2023-05-04 13:06:51',	NULL,	23.52,	NULL,	0),
(110,	2,	'2023-05-04 13:06:51',	NULL,	46.39,	NULL,	0),
(111,	3,	'2023-05-04 13:06:51',	NULL,	1024.66,	NULL,	0),
(112,	1,	'2023-05-05 11:12:00',	NULL,	22.62,	NULL,	0),
(113,	2,	'2023-05-05 11:12:00',	NULL,	40.68,	NULL,	0),
(114,	3,	'2023-05-05 11:12:00',	NULL,	1022.59,	NULL,	0),
(115,	1,	'2023-05-05 11:12:30',	NULL,	22.74,	NULL,	0),
(116,	2,	'2023-05-05 11:12:30',	NULL,	44.07,	NULL,	0),
(117,	3,	'2023-05-05 11:12:30',	NULL,	1022.55,	NULL,	0),
(118,	1,	'2023-05-05 11:13:00',	NULL,	22.86,	NULL,	0),
(119,	2,	'2023-05-05 11:13:00',	NULL,	43.41,	NULL,	0),
(120,	3,	'2023-05-05 11:13:00',	NULL,	1022.53,	NULL,	0),
(121,	1,	'2023-05-05 11:13:30',	NULL,	22.97,	NULL,	0),
(122,	2,	'2023-05-05 11:13:30',	NULL,	41.77,	NULL,	0),
(123,	3,	'2023-05-05 11:13:30',	NULL,	1022.56,	NULL,	0),
(124,	1,	'2023-05-05 11:14:00',	NULL,	23.06,	NULL,	0),
(125,	2,	'2023-05-05 11:14:00',	NULL,	43.87,	NULL,	0),
(126,	3,	'2023-05-05 11:14:00',	NULL,	1022.62,	NULL,	0),
(127,	1,	'2023-05-05 11:14:30',	NULL,	23.14,	NULL,	0),
(128,	2,	'2023-05-05 11:14:30',	NULL,	42.58,	NULL,	0),
(129,	3,	'2023-05-05 11:14:30',	NULL,	1022.52,	NULL,	0),
(130,	1,	'2023-05-05 11:15:00',	NULL,	23.11,	NULL,	0),
(131,	2,	'2023-05-05 11:15:00',	NULL,	39.79,	NULL,	0),
(132,	3,	'2023-05-05 11:15:00',	NULL,	1022.44,	NULL,	0),
(133,	1,	'2023-05-05 11:15:30',	NULL,	23.13,	NULL,	0),
(134,	2,	'2023-05-05 11:15:30',	NULL,	40.64,	NULL,	0),
(135,	3,	'2023-05-05 11:15:30',	NULL,	1022.47,	NULL,	0),
(136,	1,	'2023-05-05 11:16:00',	NULL,	23.09,	NULL,	0),
(137,	2,	'2023-05-05 11:16:00',	NULL,	41.05,	NULL,	0),
(138,	3,	'2023-05-05 11:16:00',	NULL,	1022.44,	NULL,	0),
(139,	1,	'2023-05-05 11:16:30',	NULL,	23.09,	NULL,	0),
(140,	2,	'2023-05-05 11:16:30',	NULL,	41.19,	NULL,	0),
(141,	3,	'2023-05-05 11:16:30',	NULL,	1022.49,	NULL,	0),
(142,	1,	'2023-05-05 11:17:00',	NULL,	23.08,	NULL,	0),
(143,	2,	'2023-05-05 11:17:00',	NULL,	40.74,	NULL,	0),
(144,	3,	'2023-05-05 11:17:00',	NULL,	1022.44,	NULL,	0),
(145,	1,	'2023-05-05 11:17:30',	NULL,	23.09,	NULL,	0),
(146,	2,	'2023-05-05 11:17:30',	NULL,	41.34,	NULL,	0),
(147,	3,	'2023-05-05 11:17:30',	NULL,	1022.49,	NULL,	0),
(148,	1,	'2023-05-05 11:18:00',	NULL,	23.05,	NULL,	0),
(149,	2,	'2023-05-05 11:18:00',	NULL,	41.35,	NULL,	0),
(150,	3,	'2023-05-05 11:18:00',	NULL,	1022.4,	NULL,	0),
(151,	1,	'2023-05-05 11:18:30',	NULL,	23.11,	NULL,	0),
(152,	2,	'2023-05-05 11:18:30',	NULL,	41.78,	NULL,	0),
(153,	3,	'2023-05-05 11:18:30',	NULL,	1022.41,	NULL,	0),
(154,	1,	'2023-05-05 11:19:00',	NULL,	23.13,	NULL,	0),
(155,	2,	'2023-05-05 11:19:00',	NULL,	42.42,	NULL,	0),
(156,	3,	'2023-05-05 11:19:00',	NULL,	1022.45,	NULL,	0),
(157,	1,	'2023-05-05 11:19:30',	NULL,	23.15,	NULL,	0),
(158,	2,	'2023-05-05 11:19:30',	NULL,	42.8,	NULL,	0),
(159,	3,	'2023-05-05 11:19:30',	NULL,	1022.47,	NULL,	0),
(160,	1,	'2023-05-05 11:20:00',	NULL,	23.11,	NULL,	0),
(161,	2,	'2023-05-05 11:20:00',	NULL,	42.05,	NULL,	0),
(162,	3,	'2023-05-05 11:20:00',	NULL,	1022.44,	NULL,	0),
(163,	1,	'2023-05-05 11:20:30',	NULL,	23.12,	NULL,	0),
(164,	2,	'2023-05-05 11:20:30',	NULL,	42.14,	NULL,	0),
(165,	3,	'2023-05-05 11:20:30',	NULL,	1022.58,	NULL,	0),
(166,	1,	'2023-05-05 11:21:00',	NULL,	23.14,	NULL,	0),
(167,	2,	'2023-05-05 11:21:00',	NULL,	42.11,	NULL,	0),
(168,	3,	'2023-05-05 11:21:00',	NULL,	1022.44,	NULL,	0),
(169,	1,	'2023-05-05 11:21:30',	NULL,	23.16,	NULL,	0),
(170,	2,	'2023-05-05 11:21:30',	NULL,	42.62,	NULL,	0),
(171,	3,	'2023-05-05 11:21:30',	NULL,	1022.5,	NULL,	0),
(172,	1,	'2023-05-05 11:22:00',	NULL,	23.18,	NULL,	0),
(173,	2,	'2023-05-05 11:22:00',	NULL,	41.98,	NULL,	0),
(174,	3,	'2023-05-05 11:22:00',	NULL,	1022.41,	NULL,	0),
(175,	1,	'2023-05-05 11:22:30',	NULL,	23.18,	NULL,	0),
(176,	2,	'2023-05-05 11:22:30',	NULL,	41.45,	NULL,	0),
(177,	3,	'2023-05-05 11:22:30',	NULL,	1022.56,	NULL,	0),
(178,	1,	'2023-05-05 11:23:00',	NULL,	23.19,	NULL,	0),
(179,	2,	'2023-05-05 11:23:00',	NULL,	41.74,	NULL,	0),
(180,	3,	'2023-05-05 11:23:00',	NULL,	1022.42,	NULL,	0),
(181,	1,	'2023-05-05 11:23:30',	NULL,	23.27,	NULL,	0),
(182,	2,	'2023-05-05 11:23:30',	NULL,	43.82,	NULL,	0),
(183,	3,	'2023-05-05 11:23:30',	NULL,	1022.5,	NULL,	0),
(184,	1,	'2023-05-05 11:24:00',	NULL,	23.27,	NULL,	0),
(185,	2,	'2023-05-05 11:24:00',	NULL,	41.8,	NULL,	0),
(186,	3,	'2023-05-05 11:24:00',	NULL,	1022.38,	NULL,	0),
(187,	1,	'2023-05-05 11:24:30',	NULL,	23.26,	NULL,	0),
(188,	2,	'2023-05-05 11:24:30',	NULL,	41.32,	NULL,	0),
(189,	3,	'2023-05-05 11:24:30',	NULL,	1022.44,	NULL,	0),
(190,	1,	'2023-05-05 11:25:00',	NULL,	23.29,	NULL,	0),
(191,	2,	'2023-05-05 11:25:00',	NULL,	40.65,	NULL,	0),
(192,	3,	'2023-05-05 11:25:00',	NULL,	1022.46,	NULL,	0),
(193,	1,	'2023-05-05 11:25:30',	NULL,	23.31,	NULL,	0),
(194,	2,	'2023-05-05 11:25:30',	NULL,	41.81,	NULL,	0),
(195,	3,	'2023-05-05 11:25:30',	NULL,	1022.45,	NULL,	0),
(196,	1,	'2023-05-05 11:26:00',	NULL,	23.33,	NULL,	0),
(197,	2,	'2023-05-05 11:26:00',	NULL,	41.41,	NULL,	0),
(198,	3,	'2023-05-05 11:26:00',	NULL,	1022.47,	NULL,	0),
(199,	1,	'2023-05-05 11:26:30',	NULL,	23.37,	NULL,	0),
(200,	2,	'2023-05-05 11:26:30',	NULL,	40.97,	NULL,	0),
(201,	3,	'2023-05-05 11:26:30',	NULL,	1022.48,	NULL,	0),
(202,	1,	'2023-05-05 11:27:00',	NULL,	23.46,	NULL,	0),
(203,	2,	'2023-05-05 11:27:00',	NULL,	41.62,	NULL,	0),
(204,	3,	'2023-05-05 11:27:00',	NULL,	1022.47,	NULL,	0),
(205,	1,	'2023-05-05 11:27:30',	NULL,	23.47,	NULL,	0),
(206,	2,	'2023-05-05 11:27:30',	NULL,	41.51,	NULL,	0),
(207,	3,	'2023-05-05 11:27:30',	NULL,	1022.47,	NULL,	0),
(208,	1,	'2023-05-05 11:28:00',	NULL,	23.52,	NULL,	0),
(209,	2,	'2023-05-05 11:28:00',	NULL,	42.1,	NULL,	0),
(210,	3,	'2023-05-05 11:28:00',	NULL,	1022.4,	NULL,	0),
(211,	1,	'2023-05-05 11:28:30',	NULL,	23.55,	NULL,	0),
(212,	2,	'2023-05-05 11:28:30',	NULL,	42.82,	NULL,	0),
(213,	3,	'2023-05-05 11:28:30',	NULL,	1022.45,	NULL,	0),
(214,	1,	'2023-05-05 11:29:00',	NULL,	23.74,	NULL,	0),
(215,	2,	'2023-05-05 11:29:00',	NULL,	42.48,	NULL,	0),
(216,	3,	'2023-05-05 11:29:00',	NULL,	1022.44,	NULL,	0),
(217,	1,	'2023-05-05 11:29:30',	NULL,	23.9,	NULL,	0),
(218,	2,	'2023-05-05 11:29:30',	NULL,	42.19,	NULL,	0),
(219,	3,	'2023-05-05 11:29:30',	NULL,	1022.43,	NULL,	0),
(220,	1,	'2023-05-05 11:30:00',	NULL,	23.94,	NULL,	0),
(221,	2,	'2023-05-05 11:30:00',	NULL,	42.84,	NULL,	0),
(222,	3,	'2023-05-05 11:30:00',	NULL,	1022.43,	NULL,	0),
(223,	1,	'2023-05-05 11:30:30',	NULL,	24.04,	NULL,	0),
(224,	2,	'2023-05-05 11:30:30',	NULL,	41.02,	NULL,	0),
(225,	3,	'2023-05-05 11:30:30',	NULL,	1022.39,	NULL,	0),
(226,	1,	'2023-05-05 11:31:00',	NULL,	23.95,	NULL,	0),
(227,	2,	'2023-05-05 11:31:00',	NULL,	41.54,	NULL,	0),
(228,	3,	'2023-05-05 11:31:00',	NULL,	1022.46,	NULL,	0),
(229,	1,	'2023-05-05 11:31:30',	NULL,	24.11,	NULL,	0),
(230,	2,	'2023-05-05 11:31:30',	NULL,	41.89,	NULL,	0),
(231,	3,	'2023-05-05 11:31:30',	NULL,	1022.33,	NULL,	0),
(232,	1,	'2023-05-05 11:32:00',	NULL,	24.06,	NULL,	0),
(233,	2,	'2023-05-05 11:32:00',	NULL,	40.2,	NULL,	0),
(234,	3,	'2023-05-05 11:32:00',	NULL,	1022.42,	NULL,	0),
(235,	1,	'2023-05-05 11:32:30',	NULL,	24.07,	NULL,	0),
(236,	2,	'2023-05-05 11:32:30',	NULL,	39.18,	NULL,	0),
(237,	3,	'2023-05-05 11:32:30',	NULL,	1022.36,	NULL,	0),
(238,	1,	'2023-05-05 11:33:00',	NULL,	24.09,	NULL,	0),
(239,	2,	'2023-05-05 11:33:00',	NULL,	39.23,	NULL,	0),
(240,	3,	'2023-05-05 11:33:00',	NULL,	1022.29,	NULL,	0),
(241,	1,	'2023-05-05 11:33:30',	NULL,	24.13,	NULL,	0),
(242,	2,	'2023-05-05 11:33:30',	NULL,	39.22,	NULL,	0),
(243,	3,	'2023-05-05 11:33:30',	NULL,	1022.36,	NULL,	0),
(244,	1,	'2023-05-05 11:34:00',	NULL,	24.14,	NULL,	0),
(245,	2,	'2023-05-05 11:34:00',	NULL,	38.84,	NULL,	0),
(246,	3,	'2023-05-05 11:34:00',	NULL,	1022.38,	NULL,	0),
(247,	1,	'2023-05-05 11:34:30',	NULL,	24.04,	NULL,	0),
(248,	2,	'2023-05-05 11:34:30',	NULL,	38.51,	NULL,	0),
(249,	3,	'2023-05-05 11:34:30',	NULL,	1022.43,	NULL,	0),
(250,	1,	'2023-05-05 11:35:00',	NULL,	24.04,	NULL,	0),
(251,	2,	'2023-05-05 11:35:00',	NULL,	38.1,	NULL,	0),
(252,	3,	'2023-05-05 11:35:00',	NULL,	1022.34,	NULL,	0),
(253,	1,	'2023-05-05 11:35:30',	NULL,	24.01,	NULL,	0),
(254,	2,	'2023-05-05 11:35:30',	NULL,	38.46,	NULL,	0),
(255,	3,	'2023-05-05 11:35:30',	NULL,	1022.4,	NULL,	0),
(256,	1,	'2023-05-05 11:36:00',	NULL,	24.06,	NULL,	0),
(257,	2,	'2023-05-05 11:36:00',	NULL,	38.4,	NULL,	0),
(258,	3,	'2023-05-05 11:36:00',	NULL,	1022.34,	NULL,	0),
(259,	1,	'2023-05-05 11:36:30',	NULL,	24.11,	NULL,	0),
(260,	2,	'2023-05-05 11:36:30',	NULL,	38.98,	NULL,	0),
(261,	3,	'2023-05-05 11:36:30',	NULL,	1022.42,	NULL,	0),
(262,	1,	'2023-05-05 11:37:00',	NULL,	24.13,	NULL,	0),
(263,	2,	'2023-05-05 11:37:00',	NULL,	39.68,	NULL,	0),
(264,	3,	'2023-05-05 11:37:00',	NULL,	1022.31,	NULL,	0),
(265,	1,	'2023-05-05 11:37:30',	NULL,	24.15,	NULL,	0),
(266,	2,	'2023-05-05 11:37:30',	NULL,	39.17,	NULL,	0),
(267,	3,	'2023-05-05 11:37:30',	NULL,	1022.33,	NULL,	0),
(268,	1,	'2023-05-05 11:38:00',	NULL,	24.12,	NULL,	0),
(269,	2,	'2023-05-05 11:38:00',	NULL,	39.43,	NULL,	0),
(270,	3,	'2023-05-05 11:38:00',	NULL,	1022.32,	NULL,	0),
(271,	1,	'2023-05-05 11:38:30',	NULL,	24.05,	NULL,	0),
(272,	2,	'2023-05-05 11:38:30',	NULL,	37.86,	NULL,	0),
(273,	3,	'2023-05-05 11:38:30',	NULL,	1022.35,	NULL,	0),
(274,	1,	'2023-05-05 11:39:00',	NULL,	24.01,	NULL,	0),
(275,	2,	'2023-05-05 11:39:00',	NULL,	37.69,	NULL,	0),
(276,	3,	'2023-05-05 11:39:00',	NULL,	1022.37,	NULL,	0),
(277,	1,	'2023-05-05 11:39:30',	NULL,	23.95,	NULL,	0),
(278,	2,	'2023-05-05 11:39:30',	NULL,	37.32,	NULL,	0),
(279,	3,	'2023-05-05 11:39:30',	NULL,	1022.3,	NULL,	0),
(280,	1,	'2023-05-05 11:40:00',	NULL,	23.87,	NULL,	0),
(281,	2,	'2023-05-05 11:40:00',	NULL,	35.82,	NULL,	0),
(282,	3,	'2023-05-05 11:40:00',	NULL,	1022.2,	NULL,	0),
(283,	1,	'2023-05-05 11:40:30',	NULL,	23.84,	NULL,	0),
(284,	2,	'2023-05-05 11:40:30',	NULL,	38.3,	NULL,	0),
(285,	3,	'2023-05-05 11:40:30',	NULL,	1022.31,	NULL,	0),
(286,	1,	'2023-05-05 11:41:00',	NULL,	23.83,	NULL,	0),
(287,	2,	'2023-05-05 11:41:00',	NULL,	38.64,	NULL,	0),
(288,	3,	'2023-05-05 11:41:00',	NULL,	1022.33,	NULL,	0),
(289,	1,	'2023-05-05 11:41:30',	NULL,	23.86,	NULL,	0),
(290,	2,	'2023-05-05 11:41:30',	NULL,	39.93,	NULL,	0),
(291,	3,	'2023-05-05 11:41:30',	NULL,	1022.27,	NULL,	0),
(292,	1,	'2023-05-05 11:42:00',	NULL,	23.84,	NULL,	0),
(293,	2,	'2023-05-05 11:42:00',	NULL,	39.65,	NULL,	0),
(294,	3,	'2023-05-05 11:42:00',	NULL,	1022.34,	NULL,	0),
(295,	1,	'2023-05-05 11:42:30',	NULL,	23.83,	NULL,	0),
(296,	2,	'2023-05-05 11:42:30',	NULL,	39.59,	NULL,	0),
(297,	3,	'2023-05-05 11:42:30',	NULL,	1022.35,	NULL,	0),
(298,	1,	'2023-05-05 11:43:00',	NULL,	23.75,	NULL,	0),
(299,	2,	'2023-05-05 11:43:00',	NULL,	38.26,	NULL,	0),
(300,	3,	'2023-05-05 11:43:00',	NULL,	1022.33,	NULL,	0),
(301,	1,	'2023-05-05 11:43:30',	NULL,	23.81,	NULL,	0),
(302,	2,	'2023-05-05 11:43:30',	NULL,	40.3,	NULL,	0),
(303,	3,	'2023-05-05 11:43:30',	NULL,	1022.31,	NULL,	0),
(304,	1,	'2023-05-05 11:44:00',	NULL,	23.92,	NULL,	0),
(305,	2,	'2023-05-05 11:44:00',	NULL,	41.18,	NULL,	0),
(306,	3,	'2023-05-05 11:44:00',	NULL,	1022.29,	NULL,	0),
(307,	1,	'2023-05-05 11:44:30',	NULL,	23.89,	NULL,	0),
(308,	2,	'2023-05-05 11:44:30',	NULL,	38.84,	NULL,	0),
(309,	3,	'2023-05-05 11:44:30',	NULL,	1022.32,	NULL,	0),
(310,	1,	'2023-05-05 11:45:00',	NULL,	24.04,	NULL,	0),
(311,	2,	'2023-05-05 11:45:00',	NULL,	40.35,	NULL,	0),
(312,	3,	'2023-05-05 11:45:00',	NULL,	1022.31,	NULL,	0),
(313,	1,	'2023-05-05 11:45:30',	NULL,	24.08,	NULL,	0),
(314,	2,	'2023-05-05 11:45:30',	NULL,	40.05,	NULL,	0),
(315,	3,	'2023-05-05 11:45:30',	NULL,	1022.2,	NULL,	0),
(316,	1,	'2023-05-05 11:46:00',	NULL,	24.09,	NULL,	0),
(317,	2,	'2023-05-05 11:46:00',	NULL,	38.66,	NULL,	0),
(318,	3,	'2023-05-05 11:46:00',	NULL,	1022.35,	NULL,	0),
(319,	1,	'2023-05-05 11:46:30',	NULL,	24.12,	NULL,	0),
(320,	2,	'2023-05-05 11:46:30',	NULL,	38,	NULL,	0),
(321,	3,	'2023-05-05 11:46:30',	NULL,	1022.26,	NULL,	0),
(322,	1,	'2023-05-05 11:47:00',	NULL,	24.1,	NULL,	0),
(323,	2,	'2023-05-05 11:47:00',	NULL,	36.73,	NULL,	0),
(324,	3,	'2023-05-05 11:47:00',	NULL,	1022.32,	NULL,	0),
(325,	1,	'2023-05-05 11:47:30',	NULL,	24.13,	NULL,	0),
(326,	2,	'2023-05-05 11:47:30',	NULL,	36.49,	NULL,	0),
(327,	3,	'2023-05-05 11:47:30',	NULL,	1022.28,	NULL,	0),
(328,	1,	'2023-05-05 11:48:00',	NULL,	24.11,	NULL,	0),
(329,	2,	'2023-05-05 11:48:00',	NULL,	38.26,	NULL,	0),
(330,	3,	'2023-05-05 11:48:00',	NULL,	1022.3,	NULL,	0),
(331,	1,	'2023-05-05 11:48:30',	NULL,	24.12,	NULL,	0),
(332,	2,	'2023-05-05 11:48:30',	NULL,	37.63,	NULL,	0),
(333,	3,	'2023-05-05 11:48:30',	NULL,	1022.28,	NULL,	0),
(334,	1,	'2023-05-05 11:49:00',	NULL,	24.13,	NULL,	0),
(335,	2,	'2023-05-05 11:49:00',	NULL,	36.85,	NULL,	0),
(336,	3,	'2023-05-05 11:49:00',	NULL,	1022.24,	NULL,	0),
(337,	1,	'2023-05-05 11:49:30',	NULL,	24.07,	NULL,	0),
(338,	2,	'2023-05-05 11:49:30',	NULL,	37.1,	NULL,	0),
(339,	3,	'2023-05-05 11:49:30',	NULL,	1022.2,	NULL,	0),
(340,	1,	'2023-05-05 11:50:00',	NULL,	23.93,	NULL,	0),
(341,	2,	'2023-05-05 11:50:00',	NULL,	36.7,	NULL,	0),
(342,	3,	'2023-05-05 11:50:00',	NULL,	1022.21,	NULL,	0),
(343,	1,	'2023-05-05 11:50:30',	NULL,	23.96,	NULL,	0),
(344,	2,	'2023-05-05 11:50:30',	NULL,	37.55,	NULL,	0),
(345,	3,	'2023-05-05 11:50:30',	NULL,	1022.18,	NULL,	0),
(346,	1,	'2023-05-05 11:51:00',	NULL,	24.01,	NULL,	0),
(347,	2,	'2023-05-05 11:51:00',	NULL,	38.23,	NULL,	0),
(348,	3,	'2023-05-05 11:51:00',	NULL,	1022.26,	NULL,	0),
(349,	1,	'2023-05-05 11:51:30',	NULL,	24.04,	NULL,	0),
(350,	2,	'2023-05-05 11:51:30',	NULL,	38.69,	NULL,	0),
(351,	3,	'2023-05-05 11:51:30',	NULL,	1022.25,	NULL,	0),
(352,	1,	'2023-05-05 11:52:00',	NULL,	24.02,	NULL,	0),
(353,	2,	'2023-05-05 11:52:00',	NULL,	38.52,	NULL,	0),
(354,	3,	'2023-05-05 11:52:00',	NULL,	1022.16,	NULL,	0),
(355,	1,	'2023-05-05 11:52:30',	NULL,	23.98,	NULL,	0),
(356,	2,	'2023-05-05 11:52:30',	NULL,	39.51,	NULL,	0),
(357,	3,	'2023-05-05 11:52:30',	NULL,	1022.24,	NULL,	0),
(358,	1,	'2023-05-05 11:53:00',	NULL,	23.87,	NULL,	0),
(359,	2,	'2023-05-05 11:53:00',	NULL,	37.14,	NULL,	0),
(360,	3,	'2023-05-05 11:53:00',	NULL,	1022.21,	NULL,	0),
(361,	1,	'2023-05-05 11:53:30',	NULL,	23.92,	NULL,	0),
(362,	2,	'2023-05-05 11:53:30',	NULL,	38.67,	NULL,	0),
(363,	3,	'2023-05-05 11:53:30',	NULL,	1022.26,	NULL,	0),
(364,	1,	'2023-05-05 11:54:00',	NULL,	23.99,	NULL,	0),
(365,	2,	'2023-05-05 11:54:00',	NULL,	37.86,	NULL,	0),
(366,	3,	'2023-05-05 11:54:00',	NULL,	1022.23,	NULL,	0),
(367,	1,	'2023-05-05 11:54:30',	NULL,	23.94,	NULL,	0),
(368,	2,	'2023-05-05 11:54:30',	NULL,	37.75,	NULL,	0),
(369,	3,	'2023-05-05 11:54:30',	NULL,	1022.12,	NULL,	0),
(370,	1,	'2023-05-05 11:55:00',	NULL,	23.84,	NULL,	0),
(371,	2,	'2023-05-05 11:55:00',	NULL,	37.08,	NULL,	0),
(372,	3,	'2023-05-05 11:55:00',	NULL,	1022.19,	NULL,	0),
(373,	1,	'2023-05-05 11:55:30',	NULL,	23.88,	NULL,	0),
(374,	2,	'2023-05-05 11:55:30',	NULL,	39.7,	NULL,	0),
(375,	3,	'2023-05-05 11:55:30',	NULL,	1022.22,	NULL,	0),
(376,	1,	'2023-05-05 11:56:00',	NULL,	23.93,	NULL,	0),
(377,	2,	'2023-05-05 11:56:00',	NULL,	38.54,	NULL,	0),
(378,	3,	'2023-05-05 11:56:00',	NULL,	1022.19,	NULL,	0),
(379,	1,	'2023-05-05 11:56:30',	NULL,	24.02,	NULL,	0),
(380,	2,	'2023-05-05 11:56:30',	NULL,	38.01,	NULL,	0),
(381,	3,	'2023-05-05 11:56:30',	NULL,	1022.18,	NULL,	0),
(382,	1,	'2023-05-05 11:57:00',	NULL,	24.02,	NULL,	0),
(383,	2,	'2023-05-05 11:57:00',	NULL,	36.85,	NULL,	0),
(384,	3,	'2023-05-05 11:57:00',	NULL,	1022.22,	NULL,	0),
(385,	1,	'2023-05-05 11:57:30',	NULL,	23.98,	NULL,	0),
(386,	2,	'2023-05-05 11:57:30',	NULL,	36.83,	NULL,	0),
(387,	3,	'2023-05-05 11:57:30',	NULL,	1022.21,	NULL,	0),
(388,	1,	'2023-05-05 11:58:00',	NULL,	24.19,	NULL,	0),
(389,	2,	'2023-05-05 11:58:00',	NULL,	39.57,	NULL,	0),
(390,	3,	'2023-05-05 11:58:00',	NULL,	1022.16,	NULL,	0),
(391,	1,	'2023-05-05 11:58:30',	NULL,	24.35,	NULL,	0),
(392,	2,	'2023-05-05 11:58:30',	NULL,	39.48,	NULL,	0),
(393,	3,	'2023-05-05 11:58:30',	NULL,	1022.22,	NULL,	0),
(394,	1,	'2023-05-05 11:59:00',	NULL,	24.63,	NULL,	0),
(395,	2,	'2023-05-05 11:59:00',	NULL,	39.48,	NULL,	0),
(396,	3,	'2023-05-05 11:59:00',	NULL,	1022.18,	NULL,	0),
(397,	1,	'2023-05-05 11:59:30',	NULL,	24.69,	NULL,	0),
(398,	2,	'2023-05-05 11:59:30',	NULL,	36.94,	NULL,	0),
(399,	3,	'2023-05-05 11:59:30',	NULL,	1022.18,	NULL,	0),
(400,	1,	'2023-05-05 12:00:00',	NULL,	24.81,	NULL,	0),
(401,	2,	'2023-05-05 12:00:00',	NULL,	37.04,	NULL,	0),
(402,	3,	'2023-05-05 12:00:00',	NULL,	1022.21,	NULL,	0),
(403,	1,	'2023-05-05 12:00:30',	NULL,	25.01,	NULL,	0),
(404,	2,	'2023-05-05 12:00:30',	NULL,	38.95,	NULL,	0),
(405,	3,	'2023-05-05 12:00:30',	NULL,	1022.27,	NULL,	0),
(406,	1,	'2023-05-05 12:01:00',	NULL,	24.98,	NULL,	0),
(407,	2,	'2023-05-05 12:01:00',	NULL,	36.6,	NULL,	0),
(408,	3,	'2023-05-05 12:01:00',	NULL,	1022.21,	NULL,	0);

DROP TABLE IF EXISTS `sensors`;
CREATE TABLE `sensors` (
  `id` smallint(6) NOT NULL AUTO_INCREMENT,
  `id_device` smallint(6) NOT NULL,
  `name` varchar(100) COLLATE utf8_slovak_ci NOT NULL,
  `id_value_type` int(11) NOT NULL,
  `description` varchar(256) COLLATE utf8_slovak_ci DEFAULT NULL,
  `last_data_time` datetime DEFAULT NULL,
  `last_out_value` double DEFAULT NULL,
  `imp_count` bigint(20) DEFAULT NULL,
  PRIMARY KEY (`id`),
  KEY `id_device_name` (`id_device`,`name`),
  KEY `id_value_type` (`id_value_type`),
  CONSTRAINT `sensors_ibfk_1` FOREIGN KEY (`id_device`) REFERENCES `devices` (`id`),
  CONSTRAINT `sensors_ibfk_2` FOREIGN KEY (`id_value_type`) REFERENCES `value_types` (`id`)
) ENGINE=InnoDB DEFAULT CHARSET=utf8 COLLATE=utf8_slovak_ci COMMENT='List of sensors. Each sensor is a part of one DEVICE.';

INSERT INTO `sensors` (`id`, `id_device`, `name`, `id_value_type`, `description`, `last_data_time`, `last_out_value`, `imp_count`) VALUES
(1,	1,	'Teplota',	1,	'Teplota vonku',	NULL,	NULL,	NULL),
(2,	1,	'Vlhkosť',	2,	'Vlhkosť vonku',	NULL,	NULL,	NULL),
(3,	1,	'Tlak',	3,	'Tlak relatívny',	NULL,	NULL,	NULL);

DROP TABLE IF EXISTS `value_types`;
CREATE TABLE `value_types` (
  `id` int(11) NOT NULL AUTO_INCREMENT,
  `unit` varchar(100) COLLATE utf8_slovak_ci NOT NULL,
  PRIMARY KEY (`id`)
) ENGINE=InnoDB DEFAULT CHARSET=utf8 COLLATE=utf8_slovak_ci COMMENT='Units for any kind of recorder values.';

INSERT INTO `value_types` (`id`, `unit`) VALUES
(1,	'°C'),
(2,	'%'),
(3,	'hPa');

-- 2023-05-05 12:04:19
