-- Adminer 4.8.1 MySQL 8.0.33-0ubuntu0.22.04.2 dump

SET NAMES utf8;
SET time_zone = '+00:00';
SET foreign_key_checks = 0;
SET sql_mode = 'NO_AUTO_VALUE_ON_ZERO';

DROP TABLE IF EXISTS `devices`;
CREATE TABLE `devices` (
  `id` smallint NOT NULL AUTO_INCREMENT,
  `name` varchar(100) CHARACTER SET utf8mb3 COLLATE utf8mb3_slovak_ci NOT NULL,
  `device_name` varchar(20) CHARACTER SET utf8mb3 COLLATE utf8mb3_slovak_ci NOT NULL,
  `description` varchar(255) CHARACTER SET utf8mb3 COLLATE utf8mb3_slovak_ci DEFAULT NULL,
  `first_login` datetime DEFAULT NULL,
  `last_login` datetime DEFAULT NULL,
  `password` varchar(30) CHARACTER SET utf32 COLLATE utf32_slovak_ci DEFAULT NULL,
  PRIMARY KEY (`id`),
  UNIQUE KEY `name` (`name`),
  UNIQUE KEY `device_name` (`device_name`)
) ENGINE=InnoDB DEFAULT CHARSET=utf8mb3 COLLATE=utf8mb3_slovak_ci COMMENT='List of devices. Device has one or more Sensors.';

INSERT INTO `devices` (`id`, `name`, `device_name`, `description`, `first_login`, `last_login`, `password`) VALUES
(1,	'Záhradka BMP 280',	'zahradka_bmp_280',	'Meteo na záhradke',	NULL,	NULL,	NULL),
(2,	'DHT 11 doma',	'dht_11_doma',	'Testovací teplomer doma',	'2023-06-21 12:17:06',	'2023-06-22 13:55:57',	'KluKfn48d');

DROP TABLE IF EXISTS `main_menu`;
CREATE TABLE `main_menu` (
  `id` int NOT NULL AUTO_INCREMENT COMMENT '[A]Index',
  `name` varchar(30) CHARACTER SET utf32 COLLATE utf32_slovak_ci NOT NULL COMMENT 'Názov položky',
  `web_name` varchar(50) CHARACTER SET utf32 COLLATE utf32_slovak_ci NOT NULL COMMENT 'Webový názov položky',
  `link` varchar(50) CHARACTER SET utf32 COLLATE utf32_slovak_ci NOT NULL COMMENT 'Odkaz',
  PRIMARY KEY (`id`)
) ENGINE=InnoDB DEFAULT CHARSET=utf32 COLLATE=utf32_slovak_ci;

INSERT INTO `main_menu` (`id`, `name`, `web_name`, `link`) VALUES
(1,	'Domov',	'home',	'Home:'),
(2,	'Zariadenia',	'devices',	'Device:devices'),
(3,	'Merania',	'measures',	'Home:');

DROP TABLE IF EXISTS `measures`;
CREATE TABLE `measures` (
  `id` int NOT NULL AUTO_INCREMENT,
  `id_sensor` smallint NOT NULL,
  `data_time` timestamp NULL DEFAULT CURRENT_TIMESTAMP ON UPDATE CURRENT_TIMESTAMP COMMENT 'timestamp of data recording',
  `server_time` datetime DEFAULT NULL COMMENT 'timestamp where data has been received by server',
  `s_value` double NOT NULL COMMENT 'data measured (raw)',
  `out_value` double DEFAULT NULL COMMENT 'processed value',
  `status` tinyint NOT NULL DEFAULT '0' COMMENT '0 = received, 1 = processed, 2 = exported',
  PRIMARY KEY (`id`),
  KEY `id_sensor` (`id_sensor`),
  CONSTRAINT `measures_ibfk_1` FOREIGN KEY (`id_sensor`) REFERENCES `sensors` (`id`)
) ENGINE=InnoDB DEFAULT CHARSET=utf16 COLLATE=utf16_slovak_ci COMMENT='Recorded data - raw. SUMDATA are created from recorded data, and old data are deleted from MEASURES.';

INSERT INTO `measures` (`id`, `id_sensor`, `data_time`, `server_time`, `s_value`, `out_value`, `status`) VALUES
(1,	1,	'2023-06-21 10:21:54',	NULL,	24,	NULL,	0),
(2,	1,	'2023-06-21 10:21:54',	NULL,	24,	NULL,	0),
(3,	2,	'2023-06-21 10:21:54',	NULL,	61,	NULL,	0),
(4,	2,	'2023-06-21 10:21:54',	NULL,	61,	NULL,	0),
(5,	1,	'2023-06-21 10:22:14',	NULL,	24.1,	NULL,	0),
(6,	1,	'2023-06-21 10:22:14',	NULL,	24.1,	NULL,	0),
(7,	2,	'2023-06-21 10:22:14',	NULL,	60,	NULL,	0),
(8,	2,	'2023-06-21 10:22:14',	NULL,	60,	NULL,	0),
(9,	1,	'2023-06-21 10:22:34',	NULL,	24.2,	NULL,	0),
(10,	1,	'2023-06-21 10:22:34',	NULL,	24.2,	NULL,	0),
(11,	2,	'2023-06-21 10:22:34',	NULL,	59,	NULL,	0),
(12,	2,	'2023-06-21 10:22:34',	NULL,	59,	NULL,	0),
(13,	1,	'2023-06-21 10:22:54',	NULL,	24.1,	NULL,	0),
(14,	1,	'2023-06-21 10:22:54',	NULL,	24.1,	NULL,	0),
(15,	2,	'2023-06-21 10:22:54',	NULL,	59,	NULL,	0),
(16,	2,	'2023-06-21 10:22:54',	NULL,	59,	NULL,	0),
(17,	1,	'2023-06-21 10:23:14',	NULL,	24.1,	NULL,	0),
(18,	1,	'2023-06-21 10:23:14',	NULL,	24.1,	NULL,	0),
(19,	2,	'2023-06-21 10:23:14',	NULL,	59,	NULL,	0),
(20,	2,	'2023-06-21 10:23:14',	NULL,	59,	NULL,	0),
(21,	1,	'2023-06-21 10:23:34',	NULL,	24.2,	NULL,	0),
(22,	1,	'2023-06-21 10:23:34',	NULL,	24.2,	NULL,	0),
(23,	2,	'2023-06-21 10:23:34',	NULL,	59,	NULL,	0),
(24,	2,	'2023-06-21 10:23:34',	NULL,	59,	NULL,	0),
(25,	1,	'2023-06-21 10:23:54',	NULL,	24.1,	NULL,	0),
(26,	2,	'2023-06-21 10:23:54',	NULL,	60,	NULL,	0),
(27,	1,	'2023-06-21 10:24:14',	NULL,	24.2,	NULL,	0),
(28,	2,	'2023-06-21 10:24:14',	NULL,	60,	NULL,	0),
(29,	1,	'2023-06-21 10:24:34',	NULL,	24.2,	NULL,	0),
(30,	2,	'2023-06-21 10:24:34',	NULL,	60,	NULL,	0),
(31,	1,	'2023-06-21 10:24:54',	NULL,	24.2,	NULL,	0),
(32,	2,	'2023-06-21 10:24:54',	NULL,	60,	NULL,	0),
(33,	1,	'2023-06-21 10:25:14',	NULL,	24.2,	NULL,	0),
(34,	2,	'2023-06-21 10:25:14',	NULL,	61,	NULL,	0),
(35,	1,	'2023-06-21 10:25:34',	NULL,	24.2,	NULL,	0),
(36,	2,	'2023-06-21 10:25:34',	NULL,	60,	NULL,	0),
(37,	1,	'2023-06-21 10:25:54',	NULL,	24.2,	NULL,	0),
(38,	2,	'2023-06-21 10:25:54',	NULL,	60,	NULL,	0),
(39,	1,	'2023-06-21 10:26:14',	NULL,	24.3,	NULL,	0),
(40,	2,	'2023-06-21 10:26:14',	NULL,	60,	NULL,	0),
(41,	1,	'2023-06-21 10:27:14',	NULL,	24.3,	NULL,	0),
(42,	2,	'2023-06-21 10:27:14',	NULL,	60,	NULL,	0),
(43,	1,	'2023-06-21 10:27:34',	NULL,	24.3,	NULL,	0),
(44,	2,	'2023-06-21 10:27:34',	NULL,	60,	NULL,	0),
(45,	1,	'2023-06-21 10:27:54',	NULL,	24.3,	NULL,	0),
(46,	2,	'2023-06-21 10:27:54',	NULL,	60,	NULL,	0),
(47,	1,	'2023-06-22 11:19:29',	NULL,	24.9,	NULL,	0),
(48,	2,	'2023-06-22 11:19:29',	NULL,	62,	NULL,	0),
(49,	1,	'2023-06-22 11:19:49',	NULL,	24.8,	NULL,	0),
(50,	2,	'2023-06-22 11:19:49',	NULL,	61,	NULL,	0),
(51,	1,	'2023-06-22 11:20:01',	NULL,	24.8,	NULL,	0),
(52,	2,	'2023-06-22 11:20:01',	NULL,	62,	NULL,	0),
(53,	1,	'2023-06-22 11:21:26',	NULL,	24.8,	NULL,	0),
(54,	2,	'2023-06-22 11:21:26',	NULL,	61,	NULL,	0),
(55,	1,	'2023-06-22 11:21:46',	NULL,	24.8,	NULL,	0),
(56,	2,	'2023-06-22 11:21:46',	NULL,	61,	NULL,	0),
(57,	1,	'2023-06-22 11:22:15',	NULL,	24.8,	NULL,	0),
(58,	2,	'2023-06-22 11:22:15',	NULL,	61,	NULL,	0),
(59,	1,	'2023-06-22 11:22:26',	NULL,	24.8,	NULL,	0),
(60,	2,	'2023-06-22 11:22:26',	NULL,	61,	NULL,	0),
(61,	1,	'2023-06-22 11:22:46',	NULL,	24.9,	NULL,	0),
(62,	2,	'2023-06-22 11:22:46',	NULL,	61,	NULL,	0),
(63,	1,	'2023-06-22 11:23:06',	NULL,	24.9,	NULL,	0),
(64,	2,	'2023-06-22 11:23:06',	NULL,	61,	NULL,	0),
(65,	1,	'2023-06-22 11:23:26',	NULL,	24.9,	NULL,	0),
(66,	2,	'2023-06-22 11:23:26',	NULL,	61,	NULL,	0),
(67,	1,	'2023-06-22 11:23:46',	NULL,	24.9,	NULL,	0),
(68,	2,	'2023-06-22 11:23:46',	NULL,	61,	NULL,	0),
(69,	1,	'2023-06-22 11:24:06',	NULL,	24.9,	NULL,	0),
(70,	2,	'2023-06-22 11:24:06',	NULL,	61,	NULL,	0),
(71,	1,	'2023-06-22 11:24:26',	NULL,	25,	NULL,	0),
(72,	2,	'2023-06-22 11:24:26',	NULL,	60,	NULL,	0),
(73,	1,	'2023-06-22 11:24:46',	NULL,	25,	NULL,	0),
(74,	2,	'2023-06-22 11:24:46',	NULL,	60,	NULL,	0),
(75,	1,	'2023-06-22 11:25:06',	NULL,	25,	NULL,	0),
(76,	2,	'2023-06-22 11:25:06',	NULL,	60,	NULL,	0),
(77,	1,	'2023-06-22 11:25:26',	NULL,	25,	NULL,	0),
(78,	2,	'2023-06-22 11:25:27',	NULL,	60,	NULL,	0),
(79,	1,	'2023-06-22 11:25:46',	NULL,	25,	NULL,	0),
(80,	2,	'2023-06-22 11:25:46',	NULL,	60,	NULL,	0),
(81,	1,	'2023-06-22 11:26:06',	NULL,	25,	NULL,	0),
(82,	2,	'2023-06-22 11:26:06',	NULL,	60,	NULL,	0),
(83,	1,	'2023-06-22 11:26:26',	NULL,	25,	NULL,	0),
(84,	2,	'2023-06-22 11:26:26',	NULL,	60,	NULL,	0),
(85,	1,	'2023-06-22 11:26:46',	NULL,	25,	NULL,	0),
(86,	2,	'2023-06-22 11:26:46',	NULL,	59,	NULL,	0),
(87,	1,	'2023-06-22 11:27:06',	NULL,	25,	NULL,	0),
(88,	2,	'2023-06-22 11:27:06',	NULL,	60,	NULL,	0),
(89,	1,	'2023-06-22 11:27:26',	NULL,	25,	NULL,	0),
(90,	2,	'2023-06-22 11:27:26',	NULL,	59,	NULL,	0),
(91,	1,	'2023-06-22 11:27:46',	NULL,	25,	NULL,	0),
(92,	2,	'2023-06-22 11:27:46',	NULL,	59,	NULL,	0),
(93,	1,	'2023-06-22 11:28:06',	NULL,	25,	NULL,	0),
(94,	2,	'2023-06-22 11:28:06',	NULL,	59,	NULL,	0),
(95,	1,	'2023-06-22 11:28:26',	NULL,	25,	NULL,	0),
(96,	2,	'2023-06-22 11:28:26',	NULL,	59,	NULL,	0),
(97,	1,	'2023-06-22 11:28:46',	NULL,	25,	NULL,	0),
(98,	2,	'2023-06-22 11:28:46',	NULL,	59,	NULL,	0),
(99,	1,	'2023-06-22 11:29:06',	NULL,	25,	NULL,	0),
(100,	2,	'2023-06-22 11:29:06',	NULL,	59,	NULL,	0),
(101,	1,	'2023-06-22 11:29:26',	NULL,	25,	NULL,	0),
(102,	2,	'2023-06-22 11:29:26',	NULL,	59,	NULL,	0),
(103,	1,	'2023-06-22 11:29:46',	NULL,	25,	NULL,	0),
(104,	2,	'2023-06-22 11:29:46',	NULL,	59,	NULL,	0),
(105,	1,	'2023-06-22 11:30:06',	NULL,	25,	NULL,	0),
(106,	2,	'2023-06-22 11:30:06',	NULL,	61,	NULL,	0),
(107,	1,	'2023-06-22 11:30:26',	NULL,	25,	NULL,	0),
(108,	2,	'2023-06-22 11:30:26',	NULL,	59,	NULL,	0),
(109,	1,	'2023-06-22 11:30:46',	NULL,	25,	NULL,	0),
(110,	2,	'2023-06-22 11:30:46',	NULL,	59,	NULL,	0),
(111,	1,	'2023-06-22 11:31:06',	NULL,	25,	NULL,	0),
(112,	2,	'2023-06-22 11:31:06',	NULL,	59,	NULL,	0),
(113,	1,	'2023-06-22 11:31:26',	NULL,	25,	NULL,	0),
(114,	2,	'2023-06-22 11:31:26',	NULL,	59,	NULL,	0),
(115,	1,	'2023-06-22 11:31:46',	NULL,	25,	NULL,	0),
(116,	2,	'2023-06-22 11:31:46',	NULL,	59,	NULL,	0),
(117,	1,	'2023-06-22 11:32:07',	NULL,	25,	NULL,	0),
(118,	2,	'2023-06-22 11:32:07',	NULL,	58,	NULL,	0),
(119,	1,	'2023-06-22 11:32:26',	NULL,	25,	NULL,	0),
(120,	2,	'2023-06-22 11:32:26',	NULL,	58,	NULL,	0),
(121,	1,	'2023-06-22 11:32:46',	NULL,	25,	NULL,	0),
(122,	2,	'2023-06-22 11:32:46',	NULL,	59,	NULL,	0),
(123,	1,	'2023-06-22 11:33:06',	NULL,	25,	NULL,	0),
(124,	2,	'2023-06-22 11:33:06',	NULL,	59,	NULL,	0),
(125,	1,	'2023-06-22 11:33:26',	NULL,	25,	NULL,	0),
(126,	2,	'2023-06-22 11:33:26',	NULL,	59,	NULL,	0),
(127,	1,	'2023-06-22 11:33:46',	NULL,	25,	NULL,	0),
(128,	2,	'2023-06-22 11:33:46',	NULL,	59,	NULL,	0),
(129,	1,	'2023-06-22 11:34:06',	NULL,	25,	NULL,	0),
(130,	2,	'2023-06-22 11:34:06',	NULL,	59,	NULL,	0),
(131,	1,	'2023-06-22 11:34:26',	NULL,	25,	NULL,	0),
(132,	2,	'2023-06-22 11:34:26',	NULL,	59,	NULL,	0),
(133,	1,	'2023-06-22 11:34:46',	NULL,	25,	NULL,	0),
(134,	2,	'2023-06-22 11:34:46',	NULL,	58,	NULL,	0),
(135,	1,	'2023-06-22 11:35:06',	NULL,	25,	NULL,	0),
(136,	2,	'2023-06-22 11:35:06',	NULL,	59,	NULL,	0),
(137,	5,	'2023-06-22 11:35:27',	NULL,	25,	NULL,	0),
(138,	6,	'2023-06-22 11:35:27',	NULL,	59,	NULL,	0),
(139,	5,	'2023-06-22 11:35:46',	NULL,	25,	NULL,	0),
(140,	6,	'2023-06-22 11:35:46',	NULL,	59,	NULL,	0),
(141,	5,	'2023-06-22 11:36:06',	NULL,	25.1,	NULL,	0),
(142,	6,	'2023-06-22 11:36:06',	NULL,	59,	NULL,	0),
(143,	5,	'2023-06-22 11:36:26',	NULL,	25.1,	NULL,	0),
(144,	6,	'2023-06-22 11:36:26',	NULL,	59,	NULL,	0),
(145,	5,	'2023-06-22 11:36:46',	NULL,	25.1,	NULL,	0),
(146,	6,	'2023-06-22 11:36:46',	NULL,	59,	NULL,	0),
(147,	5,	'2023-06-22 11:37:06',	NULL,	25.1,	NULL,	0),
(148,	6,	'2023-06-22 11:37:06',	NULL,	59,	NULL,	0),
(149,	5,	'2023-06-22 11:37:26',	NULL,	25.1,	NULL,	0),
(150,	6,	'2023-06-22 11:37:26',	NULL,	59,	NULL,	0),
(151,	5,	'2023-06-22 11:37:46',	NULL,	25.1,	NULL,	0),
(152,	6,	'2023-06-22 11:37:46',	NULL,	59,	NULL,	0),
(153,	5,	'2023-06-22 11:38:06',	NULL,	25,	NULL,	0),
(154,	6,	'2023-06-22 11:38:06',	NULL,	60,	NULL,	0),
(155,	5,	'2023-06-22 11:38:26',	NULL,	25,	NULL,	0),
(156,	6,	'2023-06-22 11:38:26',	NULL,	59,	NULL,	0),
(157,	5,	'2023-06-22 11:38:46',	NULL,	25,	NULL,	0),
(158,	6,	'2023-06-22 11:38:47',	NULL,	59,	NULL,	0),
(159,	5,	'2023-06-22 11:39:06',	NULL,	25.1,	NULL,	0),
(160,	6,	'2023-06-22 11:39:07',	NULL,	59,	NULL,	0),
(161,	5,	'2023-06-22 11:39:26',	NULL,	25,	NULL,	0),
(162,	6,	'2023-06-22 11:39:27',	NULL,	58,	NULL,	0),
(163,	5,	'2023-06-22 11:39:46',	NULL,	25,	NULL,	0),
(164,	6,	'2023-06-22 11:39:47',	NULL,	59,	NULL,	0),
(165,	5,	'2023-06-22 11:40:01',	NULL,	25,	NULL,	0),
(166,	6,	'2023-06-22 11:40:02',	NULL,	59,	NULL,	0),
(167,	5,	'2023-06-22 11:51:37',	NULL,	25,	NULL,	0),
(168,	6,	'2023-06-22 11:51:37',	NULL,	59,	NULL,	0),
(169,	5,	'2023-06-22 11:51:57',	NULL,	25.2,	NULL,	0),
(170,	6,	'2023-06-22 11:51:57',	NULL,	58,	NULL,	0),
(171,	5,	'2023-06-22 11:52:17',	NULL,	25.2,	NULL,	0),
(172,	6,	'2023-06-22 11:52:17',	NULL,	57,	NULL,	0),
(173,	5,	'2023-06-22 11:52:37',	NULL,	25.2,	NULL,	0),
(174,	6,	'2023-06-22 11:52:37',	NULL,	57,	NULL,	0),
(175,	5,	'2023-06-22 11:52:57',	NULL,	25.2,	NULL,	0),
(176,	6,	'2023-06-22 11:52:57',	NULL,	58,	NULL,	0),
(177,	5,	'2023-06-22 11:53:17',	NULL,	25.2,	NULL,	0),
(178,	6,	'2023-06-22 11:53:17',	NULL,	58,	NULL,	0),
(179,	5,	'2023-06-22 11:53:37',	NULL,	25.2,	NULL,	0),
(180,	6,	'2023-06-22 11:53:37',	NULL,	57,	NULL,	0),
(181,	5,	'2023-06-22 11:53:57',	NULL,	25.2,	NULL,	0),
(182,	6,	'2023-06-22 11:53:57',	NULL,	58,	NULL,	0),
(183,	5,	'2023-06-22 11:54:17',	NULL,	25.2,	NULL,	0),
(184,	6,	'2023-06-22 11:54:17',	NULL,	58,	NULL,	0),
(185,	5,	'2023-06-22 11:54:37',	NULL,	25.2,	NULL,	0),
(186,	6,	'2023-06-22 11:54:37',	NULL,	58,	NULL,	0),
(187,	5,	'2023-06-22 11:54:57',	NULL,	25.2,	NULL,	0),
(188,	6,	'2023-06-22 11:54:57',	NULL,	57,	NULL,	0),
(189,	5,	'2023-06-22 11:55:17',	NULL,	25.2,	NULL,	0),
(190,	6,	'2023-06-22 11:55:17',	NULL,	57,	NULL,	0),
(191,	5,	'2023-06-22 11:55:37',	NULL,	25.2,	NULL,	0),
(192,	6,	'2023-06-22 11:55:37',	NULL,	57,	NULL,	0),
(193,	5,	'2023-06-22 11:55:57',	NULL,	25.2,	NULL,	0),
(194,	6,	'2023-06-22 11:55:57',	NULL,	57,	NULL,	0);

DROP TABLE IF EXISTS `sensors`;
CREATE TABLE `sensors` (
  `id` smallint NOT NULL AUTO_INCREMENT,
  `id_devices` smallint NOT NULL,
  `name` varchar(100) CHARACTER SET utf8mb3 COLLATE utf8mb3_slovak_ci NOT NULL,
  `id_value_type` int NOT NULL,
  `description` varchar(256) CHARACTER SET utf8mb3 COLLATE utf8mb3_slovak_ci DEFAULT NULL,
  `last_data_time` datetime DEFAULT NULL,
  `last_out_value` double DEFAULT NULL,
  `imp_count` bigint DEFAULT NULL,
  PRIMARY KEY (`id`),
  KEY `id_device_name` (`id_devices`,`name`),
  KEY `id_value_type` (`id_value_type`),
  CONSTRAINT `sensors_ibfk_2` FOREIGN KEY (`id_value_type`) REFERENCES `value_types` (`id`),
  CONSTRAINT `sensors_ibfk_3` FOREIGN KEY (`id_devices`) REFERENCES `devices` (`id`)
) ENGINE=InnoDB DEFAULT CHARSET=utf8mb3 COLLATE=utf8mb3_slovak_ci COMMENT='List of sensors. Each sensor is a part of one DEVICE.';

INSERT INTO `sensors` (`id`, `id_devices`, `name`, `id_value_type`, `description`, `last_data_time`, `last_out_value`, `imp_count`) VALUES
(1,	1,	'Teplota',	1,	'Teplota vonku',	'2023-06-21 12:23:34',	24.2,	NULL),
(2,	1,	'Vlhkosť',	2,	'Vlhkosť vonku',	'2023-06-21 12:23:34',	59,	NULL),
(3,	1,	'Tlak',	3,	'Tlak relatívny',	NULL,	NULL,	NULL),
(4,	1,	'Osvetlenie',	4,	'Intenzita osvetlenia',	NULL,	NULL,	NULL),
(5,	2,	'Teplota',	1,	'Teplota dht 11',	'2023-06-22 13:55:57',	25.2,	NULL),
(6,	2,	'Vlhkosť',	2,	'Vlhkosť dht 11',	'2023-06-22 13:55:57',	57,	NULL);

DROP TABLE IF EXISTS `value_types`;
CREATE TABLE `value_types` (
  `id` int NOT NULL AUTO_INCREMENT,
  `unit` varchar(20) CHARACTER SET utf32 COLLATE utf32_slovak_ci NOT NULL COMMENT 'Jednotka',
  `shortcut` varchar(5) CHARACTER SET utf32 COLLATE utf32_slovak_ci NOT NULL COMMENT 'Skratka',
  PRIMARY KEY (`id`)
) ENGINE=InnoDB DEFAULT CHARSET=utf8mb3 COLLATE=utf8mb3_slovak_ci COMMENT='Units for any kind of recorder values.';

INSERT INTO `value_types` (`id`, `unit`, `shortcut`) VALUES
(1,	'°C',	'TE'),
(2,	'%',	'HU'),
(3,	'hPa',	'RP'),
(4,	'lx',	'LX');

-- 2023-06-22 11:56:11
